{"cameraMode":{"drawMode":0,"name":"Shaded","section":"Shading Mode"},"sceneLighting":true,"audioPlay":false,"sceneViewState":{"showFog":false,"showMaterialUpdate":false,"showSkybox":false,"showFlares":false,"showImageEffects":false,"showParticleSystems":true},"in2DMode":false,"pivot":{"x":45.25727844238281,"y":0.06958436965942383,"z":-12.00303840637207},"rotation":{"x":0.032790835946798328,"y":0.7432029247283936,"z":-0.03625732660293579,"w":0.6673358678817749},"size":54.97008514404297,"orthographic":false}