{"cameraMode":{"drawMode":0,"name":"Shaded","section":"Shading Mode"},"sceneLighting":true,"audioPlay":false,"sceneViewState":{"showFog":false,"showMaterialUpdate":false,"showSkybox":false,"showFlares":false,"showImageEffects":false,"showParticleSystems":true},"in2DMode":false,"pivot":{"x":166.48313903808595,"y":15.283105850219727,"z":-64.9844970703125},"rotation":{"x":0.23878656327724458,"y":0.07355912029743195,"z":-0.018207812681794168,"w":0.9681887030601502},"size":24.931610107421876,"orthographic":false}