{"cameraMode":{"drawMode":0,"name":"Shaded","section":"Shading Mode"},"sceneLighting":true,"audioPlay":false,"sceneViewState":{"showFog":false,"showMaterialUpdate":false,"showSkybox":false,"showFlares":false,"showImageEffects":false,"showParticleSystems":true},"in2DMode":false,"pivot":{"x":-8.9780855178833,"y":82.00969696044922,"z":275.0924377441406},"rotation":{"x":-0.005034594796597958,"y":0.9947768449783325,"z":-0.0840667188167572,"w":-0.058815717697143558},"size":5.7223801612854,"orthographic":false}